{"offense": {"ateFood": 0.9581482216283861, "nearestFood": 1.6011706462110913, "avoidStop": 1.147814008943277, "closerToEnemy": 1.1326898244929826, "distanceHome": 1.1202324712962881, "successorScore": 0.03897275750186484}, "defense": {}}