{"offense": {}, "defense": {"atePacman": 1.011907743483264, "onZoneDefense": 0.4169330162551647, "toZoneDefense": 1.274367137235161, "invaderDistance": 1.8027089319667058, "onDefense": 0.5022603893037453, "movingInZone": 1.0572257839203019, "avoidStop": 0.5026512862591268}}